time,pos_ref,pos_actual,velocity,Kp,Kd,tau_ff,error,torque
0.00,1.000,0.001,0.100,2.0,0.3,0.05,1.000,2.093
0.01,1.010,0.003,0.181,2.0,0.3,0.05,1.009,2.116
0.02,1.020,0.005,0.246,2.0,0.3,0.05,1.017,2.136
0.03,1.030,0.008,0.300,2.0,0.3,0.05,1.024,2.192
0.04,1.039,0.012,0.343,2.0,0.3,0.05,1.031,2.213
0.05,1.048,0.015,0.378,2.0,0.3,0.05,1.036,2.250
0.06,1.056,0.020,0.406,2.0,0.3,0.05,1.041,2.262
0.07,1.064,0.024,0.430,2.0,0.3,0.05,1.045,2.266
0.08,1.072,0.028,0.448,2.0,0.3,0.05,1.048,2.266
0.09,1.078,0.033,0.464,2.0,0.3,0.05,1.050,2.295
0.10,1.084,0.038,0.476,2.0,0.3,0.05,1.051,2.300
0.11,1.089,0.043,0.486,2.0,0.3,0.05,1.051,2.287
0.12,1.093,0.048,0.494,2.0,0.3,0.05,1.051,2.285
0.13,1.096,0.053,0.500,2.0,0.3,0.05,1.049,2.291
0.14,1.099,0.058,0.505,2.0,0.3,0.05,1.046,2.294
0.15,1.100,0.063,0.508,2.0,0.3,0.05,1.042,2.286
0.16,1.100,0.068,0.510,2.0,0.3,0.05,1.037,2.266
0.17,1.099,0.073,0.511,2.0,0.3,0.05,1.031,2.259
0.18,1.097,0.078,0.511,2.0,0.3,0.05,1.025,2.265
0.19,1.095,0.083,0.511,2.0,0.3,0.05,1.017,2.225
0.20,1.091,0.088,0.509,2.0,0.3,0.05,1.008,2.221
0.21,1.086,0.093,0.507,2.0,0.3,0.05,0.998,2.186
0.22,1.081,0.098,0.505,2.0,0.3,0.05,0.988,2.183
0.23,1.075,0.103,0.501,2.0,0.3,0.05,0.976,2.156
0.24,1.068,0.108,0.497,2.0,0.3,0.05,0.964,2.131
0.25,1.060,0.113,0.493,2.0,0.3,0.05,0.952,2.098
0.26,1.052,0.118,0.488,2.0,0.3,0.05,0.938,2.075
0.27,1.043,0.123,0.483,2.0,0.3,0.05,0.925,2.043
0.28,1.033,0.128,0.478,2.0,0.3,0.05,0.911,2.006
0.29,1.024,0.132,0.472,2.0,0.3,0.05,0.896,1.970
0.30,1.014,0.137,0.466,2.0,0.3,0.05,0.882,1.959
0.31,1.004,0.142,0.459,2.0,0.3,0.05,0.867,1.920
0.32,0.994,0.146,0.453,2.0,0.3,0.05,0.852,1.871
0.33,0.984,0.151,0.446,2.0,0.3,0.05,0.838,1.860
0.34,0.974,0.155,0.439,2.0,0.3,0.05,0.824,1.828
0.35,0.965,0.159,0.432,2.0,0.3,0.05,0.810,1.796
0.36,0.956,0.164,0.425,2.0,0.3,0.05,0.796,1.779
0.37,0.947,0.168,0.419,2.0,0.3,0.05,0.783,1.739
0.38,0.939,0.172,0.412,2.0,0.3,0.05,0.771,1.729
0.39,0.931,0.176,0.406,2.0,0.3,0.05,0.759,1.676
0.40,0.924,0.180,0.399,2.0,0.3,0.05,0.748,1.667
0.41,0.918,0.184,0.393,2.0,0.3,0.05,0.738,1.641
0.42,0.913,0.188,0.387,2.0,0.3,0.05,0.729,1.638
0.43,0.908,0.192,0.382,2.0,0.3,0.05,0.721,1.610
0.44,0.905,0.195,0.377,2.0,0.3,0.05,0.713,1.588
0.45,0.902,0.199,0.372,2.0,0.3,0.05,0.707,1.570
0.46,0.901,0.203,0.368,2.0,0.3,0.05,0.702,1.574
0.47,0.900,0.206,0.364,2.0,0.3,0.05,0.697,1.564
0.48,0.900,0.210,0.361,2.0,0.3,0.05,0.694,1.533
0.49,0.902,0.214,0.358,2.0,0.3,0.05,0.692,1.541
0.50,0.904,0.217,0.355,2.0,0.3,0.05,0.691,1.533
0.51,0.907,0.221,0.353,2.0,0.3,0.05,0.690,1.542
0.52,0.912,0.224,0.352,2.0,0.3,0.05,0.691,1.528
0.53,0.917,0.228,0.351,2.0,0.3,0.05,0.693,1.546
0.54,0.923,0.231,0.350,2.0,0.3,0.05,0.695,1.529
0.55,0.929,0.235,0.350,2.0,0.3,0.05,0.698,1.551
0.56,0.937,0.238,0.350,2.0,0.3,0.05,0.702,1.559
0.57,0.945,0.242,0.351,2.0,0.3,0.05,0.707,1.569
0.58,0.954,0.245,0.352,2.0,0.3,0.05,0.712,1.567
0.59,0.963,0.249,0.353,2.0,0.3,0.05,0.717,1.580
0.60,0.972,0.252,0.355,2.0,0.3,0.05,0.723,1.618
0.61,0.982,0.256,0.357,2.0,0.3,0.05,0.729,1.625
0.62,0.992,0.259,0.359,2.0,0.3,0.05,0.736,1.637
0.63,1.002,0.263,0.361,2.0,0.3,0.05,0.742,1.637
0.64,1.012,0.267,0.364,2.0,0.3,0.05,0.749,1.650
0.65,1.022,0.270,0.367,2.0,0.3,0.05,0.755,1.659
0.66,1.031,0.274,0.369,2.0,0.3,0.05,0.761,1.683
0.67,1.040,0.278,0.372,2.0,0.3,0.05,0.766,1.671
0.68,1.049,0.282,0.375,2.0,0.3,0.05,0.772,1.725
0.69,1.058,0.285,0.378,2.0,0.3,0.05,0.776,1.729
0.70,1.066,0.289,0.380,2.0,0.3,0.05,0.780,1.742
0.71,1.073,0.293,0.382,2.0,0.3,0.05,0.784,1.729
0.72,1.079,0.297,0.385,2.0,0.3,0.05,0.786,1.750
0.73,1.085,0.301,0.387,2.0,0.3,0.05,0.788,1.758
0.74,1.090,0.305,0.388,2.0,0.3,0.05,0.789,1.740
0.75,1.094,0.308,0.389,2.0,0.3,0.05,0.789,1.754
0.76,1.097,0.312,0.390,2.0,0.3,0.05,0.788,1.737
0.77,1.099,0.316,0.391,2.0,0.3,0.05,0.786,1.748
0.78,1.100,0.320,0.391,2.0,0.3,0.05,0.784,1.736
0.79,1.100,0.324,0.391,2.0,0.3,0.05,0.780,1.724
0.80,1.099,0.328,0.390,2.0,0.3,0.05,0.775,1.717
0.81,1.097,0.332,0.389,2.0,0.3,0.05,0.769,1.716
0.82,1.094,0.336,0.387,2.0,0.3,0.05,0.762,1.670
0.83,1.090,0.340,0.385,2.0,0.3,0.05,0.754,1.672
0.84,1.085,0.343,0.383,2.0,0.3,0.05,0.746,1.668
0.85,1.080,0.347,0.380,2.0,0.3,0.05,0.736,1.630
0.86,1.073,0.351,0.377,2.0,0.3,0.05,0.726,1.609
0.87,1.066,0.355,0.373,2.0,0.3,0.05,0.715,1.590
0.88,1.058,0.358,0.369,2.0,0.3,0.05,0.704,1.570
0.89,1.050,0.362,0.364,2.0,0.3,0.05,0.692,1.554
0.90,1.041,0.366,0.359,2.0,0.3,0.05,0.679,1.542
0.91,1.032,0.369,0.354,2.0,0.3,0.05,0.666,1.507
0.92,1.022,0.373,0.348,2.0,0.3,0.05,0.653,1.461
0.93,1.012,0.376,0.343,2.0,0.3,0.05,0.640,1.446
0.94,1.002,0.379,0.337,2.0,0.3,0.05,0.626,1.422
0.95,0.992,0.383,0.331,2.0,0.3,0.05,0.613,1.377
0.96,0.983,0.386,0.325,2.0,0.3,0.05,0.600,1.334
0.97,0.973,0.389,0.318,2.0,0.3,0.05,0.587,1.325
0.98,0.963,0.392,0.312,2.0,0.3,0.05,0.574,1.292
0.99,0.954,0.395,0.306,2.0,0.3,0.05,0.562,1.273
1.00,0.946,0.398,0.300,2.0,0.3,0.05,0.550,1.237
1.01,0.937,0.401,0.294,2.0,0.3,0.05,0.539,1.225
1.02,0.930,0.404,0.288,2.0,0.3,0.05,0.529,1.202
1.03,0.923,0.407,0.282,2.0,0.3,0.05,0.519,1.197
1.04,0.917,0.410,0.277,2.0,0.3,0.05,0.510,1.152
1.05,0.912,0.412,0.272,2.0,0.3,0.05,0.502,1.120
1.06,0.908,0.415,0.267,2.0,0.3,0.05,0.495,1.120
1.07,0.904,0.418,0.262,2.0,0.3,0.05,0.489,1.098
1.08,0.902,0.420,0.258,2.0,0.3,0.05,0.484,1.108
1.09,0.900,0.423,0.255,2.0,0.3,0.05,0.480,1.097
1.10,0.900,0.425,0.251,2.0,0.3,0.05,0.477,1.084
1.11,0.901,0.428,0.249,2.0,0.3,0.05,0.475,1.076
1.12,0.902,0.430,0.246,2.0,0.3,0.05,0.474,1.088
1.13,0.905,0.433,0.244,2.0,0.3,0.05,0.474,1.078
1.14,0.908,0.435,0.243,2.0,0.3,0.05,0.475,1.111
1.15,0.912,0.438,0.242,2.0,0.3,0.05,0.477,1.076
1.16,0.918,0.440,0.242,2.0,0.3,0.05,0.480,1.081
1.17,0.924,0.443,0.242,2.0,0.3,0.05,0.484,1.098
1.18,0.931,0.445,0.242,2.0,0.3,0.05,0.488,1.113
1.19,0.938,0.447,0.243,2.0,0.3,0.05,0.493,1.097
1.20,0.946,0.450,0.244,2.0,0.3,0.05,0.499,1.116
1.21,0.955,0.452,0.246,2.0,0.3,0.05,0.505,1.142
1.22,0.964,0.455,0.248,2.0,0.3,0.05,0.512,1.154
1.23,0.974,0.457,0.250,2.0,0.3,0.05,0.519,1.156
1.24,0.983,0.460,0.253,2.0,0.3,0.05,0.526,1.186
1.25,0.993,0.462,0.256,2.0,0.3,0.05,0.534,1.209
1.26,1.003,0.465,0.259,2.0,0.3,0.05,0.541,1.222
1.27,1.013,0.468,0.262,2.0,0.3,0.05,0.548,1.224
1.28,1.023,0.470,0.265,2.0,0.3,0.05,0.556,1.241
1.29,1.033,0.473,0.268,2.0,0.3,0.05,0.563,1.253
1.30,1.042,0.476,0.271,2.0,0.3,0.05,0.569,1.258
1.31,1.051,0.478,0.275,2.0,0.3,0.05,0.575,1.279
1.32,1.059,0.481,0.278,2.0,0.3,0.05,0.581,1.301
1.33,1.067,0.484,0.281,2.0,0.3,0.05,0.586,1.304
1.34,1.074,0.487,0.284,2.0,0.3,0.05,0.590,1.318
1.35,1.080,0.490,0.286,2.0,0.3,0.05,0.594,1.312
1.36,1.086,0.493,0.289,2.0,0.3,0.05,0.596,1.346
1.37,1.091,0.495,0.291,2.0,0.3,0.05,0.598,1.332
1.38,1.094,0.498,0.293,2.0,0.3,0.05,0.599,1.346
1.39,1.097,0.501,0.294,2.0,0.3,0.05,0.599,1.326
1.40,1.099,0.504,0.295,2.0,0.3,0.05,0.598,1.344
1.41,1.100,0.507,0.295,2.0,0.3,0.05,0.596,1.328
1.42,1.100,0.510,0.296,2.0,0.3,0.05,0.593,1.328
1.43,1.099,0.513,0.295,2.0,0.3,0.05,0.589,1.317
1.44,1.097,0.516,0.295,2.0,0.3,0.05,0.583,1.321
1.45,1.093,0.519,0.293,2.0,0.3,0.05,0.577,1.278
1.46,1.089,0.522,0.292,2.0,0.3,0.05,0.571,1.293
1.47,1.085,0.525,0.290,2.0,0.3,0.05,0.563,1.244
1.48,1.079,0.528,0.287,2.0,0.3,0.05,0.554,1.249
1.49,1.072,0.531,0.284,2.0,0.3,0.05,0.545,1.232
1.50,1.065,0.533,0.281,2.0,0.3,0.05,0.535,1.189
1.51,1.057,0.536,0.277,2.0,0.3,0.05,0.524,1.177
1.52,1.049,0.539,0.273,2.0,0.3,0.05,0.513,1.175
1.53,1.040,0.541,0.268,2.0,0.3,0.05,0.501,1.120
1.54,1.030,0.544,0.264,2.0,0.3,0.05,0.489,1.110
1.55,1.021,0.547,0.259,2.0,0.3,0.05,0.477,1.082
1.56,1.011,0.549,0.253,2.0,0.3,0.05,0.464,1.064
1.57,1.001,0.552,0.248,2.0,0.3,0.05,0.452,1.020
1.58,0.991,0.554,0.242,2.0,0.3,0.05,0.439,1.016
1.59,0.981,0.557,0.236,2.0,0.3,0.05,0.427,0.977
1.60,0.971,0.559,0.231,2.0,0.3,0.05,0.415,0.964
1.61,0.962,0.561,0.225,2.0,0.3,0.05,0.403,0.933
1.62,0.953,0.563,0.219,2.0,0.3,0.05,0.392,0.891
1.63,0.944,0.565,0.213,2.0,0.3,0.05,0.381,0.882
1.64,0.936,0.567,0.208,2.0,0.3,0.05,0.371,0.841
1.65,0.929,0.569,0.202,2.0,0.3,0.05,0.361,0.839
1.66,0.922,0.571,0.197,2.0,0.3,0.05,0.353,0.818
1.67,0.916,0.573,0.192,2.0,0.3,0.05,0.345,0.790
1.68,0.911,0.575,0.188,2.0,0.3,0.05,0.338,0.796
1.69,0.907,0.577,0.183,2.0,0.3,0.05,0.332,0.777
1.70,0.904,0.579,0.179,2.0,0.3,0.05,0.327,0.748
1.71,0.902,0.581,0.176,2.0,0.3,0.05,0.323,0.756
1.72,0.900,0.582,0.172,2.0,0.3,0.05,0.320,0.747
1.73,0.900,0.584,0.170,2.0,0.3,0.05,0.318,0.728
1.74,0.901,0.586,0.167,2.0,0.3,0.05,0.317,0.742
1.75,0.902,0.587,0.166,2.0,0.3,0.05,0.317,0.748
1.76,0.905,0.589,0.164,2.0,0.3,0.05,0.318,0.740
1.77,0.909,0.591,0.163,2.0,0.3,0.05,0.320,0.717
1.78,0.913,0.592,0.163,2.0,0.3,0.05,0.323,0.743
1.79,0.919,0.594,0.163,2.0,0.3,0.05,0.326,0.747
1.80,0.925,0.596,0.164,2.0,0.3,0.05,0.331,0.766
1.81,0.932,0.597,0.164,2.0,0.3,0.05,0.336,0.782
1.82,0.940,0.599,0.166,2.0,0.3,0.05,0.342,0.780
1.83,0.948,0.601,0.168,2.0,0.3,0.05,0.349,0.804
1.84,0.957,0.602,0.170,2.0,0.3,0.05,0.356,0.824
1.85,0.966,0.604,0.172,2.0,0.3,0.05,0.364,0.835
1.86,0.975,0.606,0.175,2.0,0.3,0.05,0.371,0.835
1.87,0.985,0.607,0.178,2.0,0.3,0.05,0.379,0.850
1.88,0.995,0.609,0.181,2.0,0.3,0.05,0.388,0.880
1.89,1.005,0.611,0.184,2.0,0.3,0.05,0.396,0.904
1.90,1.015,0.613,0.188,2.0,0.3,0.05,0.404,0.927
1.91,1.025,0.615,0.191,2.0,0.3,0.05,0.412,0.932
1.92,1.034,0.617,0.195,2.0,0.3,0.05,0.419,0.949
1.93,1.044,0.619,0.199,2.0,0.3,0.05,0.427,0.958
1.94,1.052,0.621,0.202,2.0,0.3,0.05,0.433,0.986
1.95,1.061,0.623,0.206,2.0,0.3,0.05,0.440,0.977
1.96,1.068,0.625,0.209,2.0,0.3,0.05,0.445,0.999
1.97,1.075,0.627,0.212,2.0,0.3,0.05,0.450,1.012
1.98,1.081,0.629,0.215,2.0,0.3,0.05,0.454,1.034
1.99,1.087,0.631,0.218,2.0,0.3,0.05,0.457,1.031
2.00,1.091,0.634,0.220,2.0,0.3,0.05,0.460,1.048
2.01,1.095,0.636,0.222,2.0,0.3,0.05,0.461,1.037
2.02,1.098,0.638,0.224,2.0,0.3,0.05,0.462,1.041
2.03,1.099,0.640,0.225,2.0,0.3,0.05,0.461,1.041
2.04,1.100,0.643,0.226,2.0,0.3,0.05,0.460,1.024
2.05,1.100,0.645,0.227,2.0,0.3,0.05,0.457,1.031
2.06,1.098,0.647,0.227,2.0,0.3,0.05,0.453,1.007
2.07,1.096,0.649,0.226,2.0,0.3,0.05,0.449,1.016
2.08,1.093,0.652,0.225,2.0,0.3,0.05,0.443,0.998
2.09,1.089,0.654,0.224,2.0,0.3,0.05,0.437,0.997
2.10,1.084,0.656,0.222,2.0,0.3,0.05,0.430,0.991
2.11,1.078,0.658,0.220,2.0,0.3,0.05,0.422,0.966
2.12,1.071,0.661,0.217,2.0,0.3,0.05,0.413,0.938
2.13,1.064,0.663,0.214,2.0,0.3,0.05,0.403,0.923
2.14,1.056,0.665,0.211,2.0,0.3,0.05,0.393,0.893
2.15,1.047,0.667,0.207,2.0,0.3,0.05,0.382,0.884
2.16,1.038,0.669,0.202,2.0,0.3,0.05,0.371,0.862
2.17,1.029,0.671,0.198,2.0,0.3,0.05,0.360,0.811
2.18,1.019,0.673,0.193,2.0,0.3,0.05,0.348,0.801
2.19,1.009,0.675,0.188,2.0,0.3,0.05,0.336,0.790
2.20,0.999,0.677,0.183,2.0,0.3,0.05,0.324,0.765
2.21,0.989,0.678,0.178,2.0,0.3,0.05,0.313,0.724
2.22,0.979,0.680,0.172,2.0,0.3,0.05,0.301,0.705
2.23,0.970,0.682,0.167,2.0,0.3,0.05,0.290,0.689
2.24,0.960,0.683,0.161,2.0,0.3,0.05,0.279,0.653
2.25,0.951,0.685,0.156,2.0,0.3,0.05,0.268,0.639
2.26,0.943,0.686,0.150,2.0,0.3,0.05,0.258,0.605
2.27,0.935,0.688,0.145,2.0,0.3,0.05,0.249,0.577
2.28,0.928,0.689,0.140,2.0,0.3,0.05,0.240,0.586
2.29,0.921,0.691,0.135,2.0,0.3,0.05,0.232,0.559
2.30,0.915,0.692,0.131,2.0,0.3,0.05,0.225,0.531
2.31,0.910,0.693,0.126,2.0,0.3,0.05,0.219,0.527
2.32,0.906,0.694,0.122,2.0,0.3,0.05,0.213,0.512
2.33,0.903,0.696,0.119,2.0,0.3,0.05,0.209,0.495
2.34,0.901,0.697,0.116,2.0,0.3,0.05,0.206,0.492
2.35,0.900,0.698,0.113,2.0,0.3,0.05,0.203,0.477
2.36,0.900,0.699,0.111,2.0,0.3,0.05,0.202,0.488
2.37,0.901,0.700,0.109,2.0,0.3,0.05,0.202,0.483
2.38,0.903,0.701,0.107,2.0,0.3,0.05,0.203,0.483
2.39,0.906,0.702,0.106,2.0,0.3,0.05,0.205,0.496
2.40,0.909,0.703,0.106,2.0,0.3,0.05,0.207,0.493
2.41,0.914,0.704,0.106,2.0,0.3,0.05,0.211,0.506
2.42,0.920,0.705,0.106,2.0,0.3,0.05,0.215,0.525
2.43,0.926,0.706,0.107,2.0,0.3,0.05,0.221,0.529
2.44,0.933,0.707,0.108,2.0,0.3,0.05,0.227,0.532
2.45,0.941,0.709,0.110,2.0,0.3,0.05,0.233,0.550
2.46,0.949,0.710,0.112,2.0,0.3,0.05,0.241,0.557
2.47,0.958,0.711,0.114,2.0,0.3,0.05,0.248,0.586
2.48,0.967,0.712,0.117,2.0,0.3,0.05,0.256,0.595
2.49,0.977,0.713,0.120,2.0,0.3,0.05,0.265,0.620
2.50,0.987,0.714,0.124,2.0,0.3,0.05,0.274,0.639
2.51,0.997,0.716,0.127,2.0,0.3,0.05,0.282,0.653
2.52,1.007,0.717,0.131,2.0,0.3,0.05,0.291,0.682
2.53,1.017,0.718,0.135,2.0,0.3,0.05,0.300,0.693
2.54,1.026,0.720,0.138,2.0,0.3,0.05,0.308,0.711
2.55,1.036,0.721,0.142,2.0,0.3,0.05,0.316,0.706
2.56,1.045,0.723,0.146,2.0,0.3,0.05,0.324,0.734
2.57,1.054,0.724,0.150,2.0,0.3,0.05,0.331,0.762
2.58,1.062,0.726,0.154,2.0,0.3,0.05,0.338,0.780
2.59,1.069,0.727,0.157,2.0,0.3,0.05,0.344,0.806
2.60,1.076,0.729,0.161,2.0,0.3,0.05,0.349,0.794
2.61,1.082,0.731,0.164,2.0,0.3,0.05,0.353,0.807
2.62,1.088,0.732,0.167,2.0,0.3,0.05,0.357,0.811
2.63,1.092,0.734,0.170,2.0,0.3,0.05,0.360,0.821
2.64,1.095,0.736,0.172,2.0,0.3,0.05,0.362,0.835
2.65,1.098,0.737,0.174,2.0,0.3,0.05,0.362,0.819
2.66,1.099,0.739,0.175,2.0,0.3,0.05,0.362,0.839
2.67,1.100,0.741,0.176,2.0,0.3,0.05,0.361,0.820
2.68,1.100,0.743,0.177,2.0,0.3,0.05,0.359,0.836
2.69,1.098,0.744,0.177,2.0,0.3,0.05,0.355,0.830
2.70,1.096,0.746,0.177,2.0,0.3,0.05,0.351,0.793
2.71,1.092,0.748,0.176,2.0,0.3,0.05,0.346,0.808
2.72,1.088,0.750,0.175,2.0,0.3,0.05,0.340,0.788
2.73,1.083,0.751,0.173,2.0,0.3,0.05,0.333,0.774
2.74,1.077,0.753,0.171,2.0,0.3,0.05,0.325,0.746
2.75,1.070,0.755,0.169,2.0,0.3,0.05,0.317,0.730
2.76,1.062,0.756,0.166,2.0,0.3,0.05,0.308,0.714
2.77,1.054,0.758,0.162,2.0,0.3,0.05,0.298,0.689
2.78,1.046,0.760,0.159,2.0,0.3,0.05,0.288,0.664
2.79,1.037,0.761,0.155,2.0,0.3,0.05,0.277,0.641
2.80,1.027,0.763,0.150,2.0,0.3,0.05,0.266,0.624
2.81,1.017,0.764,0.146,2.0,0.3,0.05,0.255,0.602
2.82,1.007,0.766,0.141,2.0,0.3,0.05,0.243,0.579
2.83,0.997,0.767,0.136,2.0,0.3,0.05,0.232,0.548
2.84,0.987,0.768,0.131,2.0,0.3,0.05,0.221,0.536
2.85,0.978,0.769,0.126,2.0,0.3,0.05,0.209,0.522
2.86,0.968,0.771,0.120,2.0,0.3,0.05,0.199,0.481
2.87,0.959,0.772,0.115,2.0,0.3,0.05,0.188,0.490
2.88,0.950,0.773,0.110,2.0,0.3,0.05,0.178,0.433
2.89,0.941,0.774,0.105,2.0,0.3,0.05,0.168,0.414
2.90,0.934,0.775,0.100,2.0,0.3,0.05,0.160,0.386
2.91,0.927,0.776,0.095,2.0,0.3,0.05,0.152,0.378
2.92,0.920,0.777,0.090,2.0,0.3,0.05,0.144,0.349
2.93,0.914,0.778,0.086,2.0,0.3,0.05,0.138,0.332
2.94,0.910,0.779,0.082,2.0,0.3,0.05,0.132,0.344
2.95,0.906,0.779,0.078,2.0,0.3,0.05,0.127,0.325
2.96,0.903,0.780,0.075,2.0,0.3,0.05,0.124,0.290
2.97,0.901,0.781,0.072,2.0,0.3,0.05,0.121,0.301
2.98,0.900,0.781,0.070,2.0,0.3,0.05,0.119,0.317
2.99,0.900,0.782,0.068,2.0,0.3,0.05,0.119,0.302
3.00,0.901,0.783,0.066,2.0,0.3,0.05,0.119,0.295
3.01,0.903,0.783,0.065,2.0,0.3,0.05,0.120,0.317
3.02,0.906,0.784,0.064,2.0,0.3,0.05,0.123,0.326
3.03,0.910,0.785,0.064,2.0,0.3,0.05,0.126,0.322
3.04,0.915,0.785,0.064,2.0,0.3,0.05,0.130,0.329
3.05,0.921,0.786,0.065,2.0,0.3,0.05,0.135,0.338
3.06,0.927,0.787,0.066,2.0,0.3,0.05,0.141,0.356
3.07,0.934,0.787,0.068,2.0,0.3,0.05,0.148,0.351
3.08,0.942,0.788,0.070,2.0,0.3,0.05,0.155,0.378
3.09,0.951,0.789,0.072,2.0,0.3,0.05,0.163,0.379
3.10,0.960,0.790,0.075,2.0,0.3,0.05,0.171,0.422
3.11,0.969,0.790,0.078,2.0,0.3,0.05,0.179,0.433
3.12,0.979,0.791,0.081,2.0,0.3,0.05,0.188,0.459
3.13,0.988,0.792,0.084,2.0,0.3,0.05,0.197,0.461
3.14,0.998,0.793,0.088,2.0,0.3,0.05,0.206,0.513
3.15,1.008,0.794,0.092,2.0,0.3,0.05,0.216,0.503
3.16,1.018,0.795,0.096,2.0,0.3,0.05,0.225,0.531
3.17,1.028,0.796,0.100,2.0,0.3,0.05,0.233,0.538
3.18,1.037,0.797,0.104,2.0,0.3,0.05,0.242,0.571
3.19,1.047,0.798,0.108,2.0,0.3,0.05,0.250,0.588
3.20,1.055,0.799,0.113,2.0,0.3,0.05,0.257,0.602
3.21,1.063,0.800,0.116,2.0,0.3,0.05,0.264,0.618
3.22,1.071,0.801,0.120,2.0,0.3,0.05,0.270,0.618
3.23,1.077,0.803,0.124,2.0,0.3,0.05,0.276,0.638
3.24,1.083,0.804,0.127,2.0,0.3,0.05,0.281,0.658
3.25,1.088,0.805,0.130,2.0,0.3,0.05,0.285,0.675
3.26,1.093,0.806,0.133,2.0,0.3,0.05,0.287,0.660
3.27,1.096,0.808,0.135,2.0,0.3,0.05,0.289,0.668
3.28,1.098,0.809,0.137,2.0,0.3,0.05,0.290,0.660
3.29,1.100,0.811,0.139,2.0,0.3,0.05,0.290,0.672
3.30,1.100,0.812,0.140,2.0,0.3,0.05,0.289,0.671
3.31,1.099,0.813,0.141,2.0,0.3,0.05,0.287,0.655
3.32,1.098,0.815,0.141,2.0,0.3,0.05,0.284,0.664
3.33,1.095,0.816,0.141,2.0,0.3,0.05,0.280,0.677
3.34,1.092,0.818,0.140,2.0,0.3,0.05,0.275,0.634
3.35,1.087,0.819,0.139,2.0,0.3,0.05,0.269,0.641
3.36,1.082,0.820,0.138,2.0,0.3,0.05,0.263,0.615
3.37,1.076,0.822,0.136,2.0,0.3,0.05,0.255,0.591
3.38,1.069,0.823,0.133,2.0,0.3,0.05,0.247,0.568
3.39,1.061,0.824,0.130,2.0,0.3,0.05,0.238,0.562
3.40,1.053,0.826,0.127,2.0,0.3,0.05,0.229,0.531
3.41,1.044,0.827,0.124,2.0,0.3,0.05,0.219,0.520
3.42,1.035,0.828,0.120,2.0,0.3,0.05,0.208,0.490
3.43,1.025,0.829,0.115,2.0,0.3,0.05,0.197,0.492
3.44,1.016,0.830,0.111,2.0,0.3,0.05,0.186,0.440
3.45,1.006,0.831,0.106,2.0,0.3,0.05,0.175,0.435
3.46,0.996,0.832,0.102,2.0,0.3,0.05,0.164,0.389
3.47,0.986,0.833,0.097,2.0,0.3,0.05,0.153,0.400
3.48,0.976,0.834,0.091,2.0,0.3,0.05,0.143,0.356
3.49,0.966,0.835,0.086,2.0,0.3,0.05,0.132,0.342
3.50,0.957,0.836,0.081,2.0,0.3,0.05,0.122,0.310
3.51,0.948,0.837,0.076,2.0,0.3,0.05,0.112,0.297
3.52,0.940,0.837,0.071,2.0,0.3,0.05,0.103,0.260
3.53,0.932,0.838,0.067,2.0,0.3,0.05,0.095,0.258
3.54,0.925,0.839,0.062,2.0,0.3,0.05,0.087,0.258
3.55,0.919,0.839,0.058,2.0,0.3,0.05,0.080,0.224
3.56,0.914,0.840,0.054,2.0,0.3,0.05,0.074,0.222
3.57,0.909,0.840,0.050,2.0,0.3,0.05,0.069,0.203
3.58,0.905,0.841,0.046,2.0,0.3,0.05,0.065,0.194
3.59,0.903,0.841,0.043,2.0,0.3,0.05,0.062,0.198
3.60,0.901,0.842,0.041,2.0,0.3,0.05,0.060,0.178
3.61,0.900,0.842,0.038,2.0,0.3,0.05,0.058,0.173
3.62,0.900,0.842,0.036,2.0,0.3,0.05,0.058,0.179
3.63,0.901,0.843,0.035,2.0,0.3,0.05,0.059,0.179
3.64,0.904,0.843,0.034,2.0,0.3,0.05,0.061,0.172
3.65,0.907,0.843,0.034,2.0,0.3,0.05,0.064,0.187
3.66,0.911,0.844,0.034,2.0,0.3,0.05,0.067,0.199
3.67,0.916,0.844,0.034,2.0,0.3,0.05,0.072,0.210
3.68,0.922,0.844,0.035,2.0,0.3,0.05,0.078,0.232
3.69,0.928,0.845,0.036,2.0,0.3,0.05,0.084,0.235
3.70,0.936,0.845,0.038,2.0,0.3,0.05,0.091,0.252
3.71,0.944,0.846,0.040,2.0,0.3,0.05,0.098,0.266
3.72,0.952,0.846,0.043,2.0,0.3,0.05,0.107,0.275
3.73,0.961,0.847,0.046,2.0,0.3,0.05,0.115,0.294
3.74,0.971,0.847,0.049,2.0,0.3,0.05,0.124,0.306
3.75,0.980,0.848,0.053,2.0,0.3,0.05,0.133,0.320
3.76,0.990,0.848,0.056,2.0,0.3,0.05,0.143,0.358
3.77,1.000,0.849,0.060,2.0,0.3,0.05,0.152,0.360
3.78,1.010,0.849,0.064,2.0,0.3,0.05,0.161,0.409
3.79,1.020,0.850,0.069,2.0,0.3,0.05,0.171,0.411
3.80,1.030,0.851,0.073,2.0,0.3,0.05,0.180,0.432
3.81,1.039,0.852,0.077,2.0,0.3,0.05,0.188,0.462
3.82,1.048,0.852,0.081,2.0,0.3,0.05,0.197,0.464
3.83,1.057,0.853,0.085,2.0,0.3,0.05,0.204,0.490
3.84,1.064,0.854,0.090,2.0,0.3,0.05,0.211,0.500
3.85,1.072,0.855,0.093,2.0,0.3,0.05,0.218,0.520
3.86,1.078,0.856,0.097,2.0,0.3,0.05,0.223,0.530
3.87,1.084,0.857,0.100,2.0,0.3,0.05,0.228,0.534
3.88,1.089,0.858,0.104,2.0,0.3,0.05,0.232,0.542
3.89,1.093,0.859,0.106,2.0,0.3,0.05,0.235,0.558
3.90,1.096,0.860,0.109,2.0,0.3,0.05,0.237,0.533
3.91,1.099,0.861,0.111,2.0,0.3,0.05,0.238,0.561
3.92,1.100,0.862,0.113,2.0,0.3,0.05,0.238,0.567
3.93,1.100,0.864,0.114,2.0,0.3,0.05,0.238,0.555
3.94,1.099,0.865,0.115,2.0,0.3,0.05,0.236,0.552
3.95,1.097,0.866,0.115,2.0,0.3,0.05,0.233,0.551
3.96,1.095,0.867,0.115,2.0,0.3,0.05,0.229,0.561
3.97,1.091,0.868,0.114,2.0,0.3,0.05,0.224,0.535
3.98,1.086,0.869,0.113,2.0,0.3,0.05,0.218,0.526
3.99,1.081,0.870,0.112,2.0,0.3,0.05,0.212,0.520
4.00,1.075,0.871,0.110,2.0,0.3,0.05,0.204,0.513
4.01,1.067,0.873,0.107,2.0,0.3,0.05,0.196,0.478
4.02,1.060,0.874,0.105,2.0,0.3,0.05,0.187,0.472
4.03,1.051,0.875,0.102,2.0,0.3,0.05,0.178,0.426
4.04,1.043,0.876,0.098,2.0,0.3,0.05,0.168,0.406
4.05,1.033,0.877,0.094,2.0,0.3,0.05,0.158,0.398
4.06,1.024,0.877,0.090,2.0,0.3,0.05,0.147,0.388
4.07,1.014,0.878,0.086,2.0,0.3,0.05,0.137,0.337
4.08,1.004,0.879,0.081,2.0,0.3,0.05,0.126,0.318
4.09,0.994,0.880,0.076,2.0,0.3,0.05,0.115,0.293
4.10,0.984,0.881,0.072,2.0,0.3,0.05,0.104,0.265
4.11,0.974,0.881,0.067,2.0,0.3,0.05,0.094,0.248
4.12,0.965,0.882,0.062,2.0,0.3,0.05,0.084,0.246
4.13,0.956,0.882,0.057,2.0,0.3,0.05,0.074,0.228
4.14,0.947,0.883,0.052,2.0,0.3,0.05,0.065,0.194
4.15,0.939,0.883,0.047,2.0,0.3,0.05,0.056,0.192
4.16,0.931,0.884,0.042,2.0,0.3,0.05,0.048,0.152
4.17,0.924,0.884,0.038,2.0,0.3,0.05,0.040,0.130
4.18,0.918,0.885,0.034,2.0,0.3,0.05,0.034,0.124
4.19,0.913,0.885,0.030,2.0,0.3,0.05,0.028,0.097
4.20,0.908,0.885,0.026,2.0,0.3,0.05,0.023,0.096
4.21,0.905,0.885,0.023,2.0,0.3,0.05,0.020,0.103
4.22,0.902,0.886,0.020,2.0,0.3,0.05,0.017,0.089
4.23,0.901,0.886,0.018,2.0,0.3,0.05,0.015,0.093
4.24,0.900,0.886,0.015,2.0,0.3,0.05,0.014,0.087
4.25,0.900,0.886,0.014,2.0,0.3,0.05,0.015,0.087
4.26,0.902,0.886,0.013,2.0,0.3,0.05,0.016,0.085
4.27,0.904,0.886,0.012,2.0,0.3,0.05,0.018,0.085
4.28,0.907,0.886,0.012,2.0,0.3,0.05,0.021,0.106
4.29,0.912,0.887,0.012,2.0,0.3,0.05,0.025,0.111
4.30,0.917,0.887,0.013,2.0,0.3,0.05,0.030,0.117
4.31,0.923,0.887,0.014,2.0,0.3,0.05,0.036,0.125
4.32,0.930,0.887,0.015,2.0,0.3,0.05,0.043,0.155
4.33,0.937,0.887,0.017,2.0,0.3,0.05,0.050,0.169
4.34,0.945,0.887,0.020,2.0,0.3,0.05,0.058,0.173
4.35,0.954,0.888,0.022,2.0,0.3,0.05,0.066,0.196
4.36,0.963,0.888,0.025,2.0,0.3,0.05,0.075,0.209
4.37,0.972,0.888,0.029,2.0,0.3,0.05,0.084,0.222
4.38,0.982,0.888,0.032,2.0,0.3,0.05,0.094,0.237
4.39,0.992,0.889,0.036,2.0,0.3,0.05,0.103,0.272
4.40,1.002,0.889,0.040,2.0,0.3,0.05,0.113,0.312
4.41,1.012,0.890,0.044,2.0,0.3,0.05,0.123,0.308
4.42,1.022,0.890,0.049,2.0,0.3,0.05,0.132,0.339
4.43,1.031,0.891,0.053,2.0,0.3,0.05,0.141,0.339
4.44,1.041,0.891,0.058,2.0,0.3,0.05,0.150,0.374
4.45,1.049,0.892,0.062,2.0,0.3,0.05,0.158,0.374
4.46,1.058,0.892,0.066,2.0,0.3,0.05,0.166,0.389
4.47,1.066,0.893,0.070,2.0,0.3,0.05,0.173,0.424
4.48,1.073,0.894,0.074,2.0,0.3,0.05,0.180,0.437
4.49,1.079,0.895,0.078,2.0,0.3,0.05,0.186,0.438
4.50,1.085,0.895,0.081,2.0,0.3,0.05,0.190,0.459
4.51,1.090,0.896,0.085,2.0,0.3,0.05,0.194,0.462
4.52,1.094,0.897,0.087,2.0,0.3,0.05,0.197,0.476
4.53,1.097,0.898,0.090,2.0,0.3,0.05,0.200,0.479
4.54,1.099,0.899,0.092,2.0,0.3,0.05,0.201,0.458
4.55,1.100,0.900,0.094,2.0,0.3,0.05,0.201,0.489
4.56,1.100,0.901,0.095,2.0,0.3,0.05,0.200,0.490
4.57,1.099,0.902,0.096,2.0,0.3,0.05,0.198,0.473
4.58,1.097,0.903,0.096,2.0,0.3,0.05,0.195,0.458
4.59,1.094,0.904,0.096,2.0,0.3,0.05,0.191,0.453
4.60,1.090,0.905,0.095,2.0,0.3,0.05,0.186,0.444
4.61,1.085,0.906,0.094,2.0,0.3,0.05,0.181,0.441
4.62,1.080,0.907,0.093,2.0,0.3,0.05,0.174,0.425
4.63,1.073,0.908,0.091,2.0,0.3,0.05,0.167,0.403
4.64,1.066,0.908,0.089,2.0,0.3,0.05,0.159,0.391
4.65,1.058,0.909,0.086,2.0,0.3,0.05,0.150,0.381
4.66,1.050,0.910,0.083,2.0,0.3,0.05,0.141,0.353
4.67,1.041,0.911,0.079,2.0,0.3,0.05,0.131,0.335
4.68,1.032,0.912,0.076,2.0,0.3,0.05,0.121,0.329
4.69,1.022,0.912,0.072,2.0,0.3,0.05,0.111,0.297
4.70,1.012,0.913,0.067,2.0,0.3,0.05,0.100,0.257
4.71,1.002,0.914,0.063,2.0,0.3,0.05,0.089,0.240
4.72,0.992,0.914,0.058,2.0,0.3,0.05,0.079,0.223
4.73,0.982,0.915,0.053,2.0,0.3,0.05,0.068,0.203
4.74,0.973,0.915,0.048,2.0,0.3,0.05,0.058,0.195
4.75,0.963,0.916,0.044,2.0,0.3,0.05,0.048,0.163
4.76,0.954,0.916,0.039,2.0,0.3,0.05,0.038,0.153
4.77,0.946,0.916,0.034,2.0,0.3,0.05,0.029,0.116
4.78,0.937,0.917,0.029,2.0,0.3,0.05,0.021,0.102
4.79,0.930,0.917,0.025,2.0,0.3,0.05,0.013,0.079
4.80,0.923,0.917,0.020,2.0,0.3,0.05,0.006,0.078
4.81,0.917,0.917,0.016,2.0,0.3,0.05,-0.000,0.054
4.82,0.912,0.917,0.013,2.0,0.3,0.05,-0.005,0.039
4.83,0.908,0.918,0.009,2.0,0.3,0.05,-0.010,0.035
4.84,0.904,0.918,0.006,2.0,0.3,0.05,-0.013,0.011
4.85,0.902,0.918,0.003,2.0,0.3,0.05,-0.016,0.013
4.86,0.900,0.918,0.001,2.0,0.3,0.05,-0.017,0.006
4.87,0.900,0.918,-0.001,2.0,0.3,0.05,-0.018,0.024
4.88,0.901,0.918,-0.003,2.0,0.3,0.05,-0.017,0.015
4.89,0.902,0.918,-0.004,2.0,0.3,0.05,-0.016,0.023
4.90,0.905,0.918,-0.004,2.0,0.3,0.05,-0.013,0.012
4.91,0.908,0.917,-0.004,2.0,0.3,0.05,-0.009,0.033
4.92,0.912,0.917,-0.004,2.0,0.3,0.05,-0.005,0.029
4.93,0.918,0.917,-0.003,2.0,0.3,0.05,0.000,0.054
4.94,0.924,0.917,-0.002,2.0,0.3,0.05,0.006,0.053
4.95,0.931,0.917,-0.000,2.0,0.3,0.05,0.013,0.069
4.96,0.938,0.917,0.002,2.0,0.3,0.05,0.021,0.080
4.97,0.946,0.917,0.004,2.0,0.3,0.05,0.029,0.108
4.98,0.955,0.918,0.007,2.0,0.3,0.05,0.038,0.120
4.99,0.964,0.918,0.011,2.0,0.3,0.05,0.047,0.147
5.00,0.974,0.918,0.014,2.0,0.3,0.05,0.056,0.175
5.01,0.984,0.918,0.018,2.0,0.3,0.05,0.066,0.174
5.02,0.993,0.918,0.022,2.0,0.3,0.05,0.075,0.196
5.03,1.003,0.918,0.026,2.0,0.3,0.05,0.085,0.232
5.04,1.013,0.919,0.030,2.0,0.3,0.05,0.095,0.249
5.05,1.023,0.919,0.035,2.0,0.3,0.05,0.104,0.282
5.06,1.033,0.919,0.039,2.0,0.3,0.05,0.114,0.288
5.07,1.042,0.920,0.044,2.0,0.3,0.05,0.123,0.309
5.08,1.051,0.920,0.048,2.0,0.3,0.05,0.131,0.317
5.09,1.059,0.921,0.052,2.0,0.3,0.05,0.139,0.326
5.10,1.067,0.921,0.056,2.0,0.3,0.05,0.146,0.365
5.11,1.074,0.922,0.060,2.0,0.3,0.05,0.153,0.385
5.12,1.080,0.923,0.064,2.0,0.3,0.05,0.158,0.377
5.13,1.086,0.923,0.068,2.0,0.3,0.05,0.163,0.398
5.14,1.091,0.924,0.071,2.0,0.3,0.05,0.167,0.390
5.15,1.094,0.925,0.074,2.0,0.3,0.05,0.170,0.439
5.16,1.097,0.926,0.076,2.0,0.3,0.05,0.172,0.426
5.17,1.099,0.926,0.078,2.0,0.3,0.05,0.173,0.412
5.18,1.100,0.927,0.080,2.0,0.3,0.05,0.174,0.405
5.19,1.100,0.928,0.081,2.0,0.3,0.05,0.173,0.406
5.20,1.099,0.929,0.082,2.0,0.3,0.05,0.171,0.422
5.21,1.097,0.930,0.082,2.0,0.3,0.05,0.168,0.412
5.22,1.093,0.930,0.082,2.0,0.3,0.05,0.164,0.404
5.23,1.089,0.931,0.082,2.0,0.3,0.05,0.159,0.392
5.24,1.085,0.932,0.081,2.0,0.3,0.05,0.153,0.391
5.25,1.079,0.933,0.079,2.0,0.3,0.05,0.147,0.366
5.26,1.072,0.934,0.077,2.0,0.3,0.05,0.139,0.346
5.27,1.065,0.934,0.075,2.0,0.3,0.05,0.131,0.324
5.28,1.057,0.935,0.072,2.0,0.3,0.05,0.123,0.316
5.29,1.049,0.936,0.069,2.0,0.3,0.05,0.113,0.291
5.30,1.040,0.936,0.066,2.0,0.3,0.05,0.104,0.288
5.31,1.030,0.937,0.062,2.0,0.3,0.05,0.094,0.263
5.32,1.021,0.938,0.058,2.0,0.3,0.05,0.083,0.228
5.33,1.011,0.938,0.054,2.0,0.3,0.05,0.073,0.206
5.34,1.001,0.939,0.049,2.0,0.3,0.05,0.062,0.188
5.35,0.991,0.939,0.045,2.0,0.3,0.05,0.052,0.176
5.36,0.981,0.940,0.040,2.0,0.3,0.05,0.042,0.128
5.37,0.971,0.940,0.035,2.0,0.3,0.05,0.032,0.128
5.38,0.962,0.940,0.030,2.0,0.3,0.05,0.022,0.101
5.39,0.953,0.940,0.025,2.0,0.3,0.05,0.012,0.077
5.40,0.944,0.941,0.021,2.0,0.3,0.05,0.004,0.057
5.41,0.936,0.941,0.016,2.0,0.3,0.05,-0.005,0.047
5.42,0.929,0.941,0.012,2.0,0.3,0.05,-0.012,0.032
5.43,0.922,0.941,0.007,2.0,0.3,0.05,-0.019,0.010
5.44,0.916,0.941,0.003,2.0,0.3,0.05,-0.025,-0.008
5.45,0.911,0.941,-0.000,2.0,0.3,0.05,-0.030,-0.014
5.46,0.907,0.941,-0.004,2.0,0.3,0.05,-0.034,-0.026
5.47,0.904,0.941,-0.007,2.0,0.3,0.05,-0.037,-0.020
5.48,0.902,0.941,-0.009,2.0,0.3,0.05,-0.039,-0.048
5.49,0.900,0.941,-0.011,2.0,0.3,0.05,-0.041,-0.044
5.50,0.900,0.941,-0.013,2.0,0.3,0.05,-0.041,-0.035
5.51,0.901,0.940,-0.015,2.0,0.3,0.05,-0.040,-0.037
5.52,0.902,0.940,-0.015,2.0,0.3,0.05,-0.038,-0.034
5.53,0.905,0.940,-0.016,2.0,0.3,0.05,-0.035,-0.038
5.54,0.909,0.940,-0.016,2.0,0.3,0.05,-0.031,-0.024
5.55,0.913,0.940,-0.015,2.0,0.3,0.05,-0.027,-0.007
5.56,0.919,0.940,-0.014,2.0,0.3,0.05,-0.021,-0.000
5.57,0.925,0.940,-0.013,2.0,0.3,0.05,-0.015,0.029
5.58,0.932,0.939,-0.011,2.0,0.3,0.05,-0.008,0.043
5.59,0.940,0.939,-0.009,2.0,0.3,0.05,0.000,0.037
5.60,0.948,0.939,-0.006,2.0,0.3,0.05,0.008,0.056
5.61,0.957,0.939,-0.003,2.0,0.3,0.05,0.017,0.082
5.62,0.966,0.939,0.000,2.0,0.3,0.05,0.027,0.091
5.63,0.975,0.939,0.004,2.0,0.3,0.05,0.036,0.113
5.64,0.985,0.939,0.007,2.0,0.3,0.05,0.046,0.139
5.65,0.995,0.939,0.012,2.0,0.3,0.05,0.056,0.182
5.66,1.005,0.940,0.016,2.0,0.3,0.05,0.066,0.184
5.67,1.015,0.940,0.020,2.0,0.3,0.05,0.075,0.192
5.68,1.025,0.940,0.025,2.0,0.3,0.05,0.085,0.211
5.69,1.034,0.940,0.029,2.0,0.3,0.05,0.094,0.256
5.70,1.044,0.941,0.034,2.0,0.3,0.05,0.103,0.256
5.71,1.052,0.941,0.038,2.0,0.3,0.05,0.112,0.293
5.72,1.061,0.942,0.042,2.0,0.3,0.05,0.120,0.315
5.73,1.068,0.942,0.047,2.0,0.3,0.05,0.127,0.300
5.74,1.075,0.943,0.051,2.0,0.3,0.05,0.133,0.340
5.75,1.081,0.943,0.054,2.0,0.3,0.05,0.139,0.355
5.76,1.087,0.944,0.058,2.0,0.3,0.05,0.144,0.365
5.77,1.091,0.944,0.061,2.0,0.3,0.05,0.148,0.388
5.78,1.095,0.945,0.064,2.0,0.3,0.05,0.151,0.383
5.79,1.098,0.946,0.066,2.0,0.3,0.05,0.153,0.374
5.80,1.099,0.946,0.069,2.0,0.3,0.05,0.154,0.361
5.81,1.100,0.947,0.070,2.0,0.3,0.05,0.154,0.367
5.82,1.100,0.948,0.071,2.0,0.3,0.05,0.153,0.371
5.83,1.098,0.948,0.072,2.0,0.3,0.05,0.151,0.373
5.84,1.096,0.949,0.073,2.0,0.3,0.05,0.148,0.375
5.85,1.093,0.950,0.072,2.0,0.3,0.05,0.144,0.352
5.86,1.089,0.951,0.072,2.0,0.3,0.05,0.139,0.341
5.87,1.084,0.951,0.071,2.0,0.3,0.05,0.133,0.336
5.88,1.078,0.952,0.069,2.0,0.3,0.05,0.126,0.333
5.89,1.071,0.953,0.067,2.0,0.3,0.05,0.119,0.303
5.90,1.064,0.953,0.065,2.0,0.3,0.05,0.111,0.279
5.91,1.056,0.954,0.062,2.0,0.3,0.05,0.102,0.258
5.92,1.047,0.954,0.059,2.0,0.3,0.05,0.093,0.260
5.93,1.038,0.955,0.056,2.0,0.3,0.05,0.084,0.235
5.94,1.029,0.956,0.052,2.0,0.3,0.05,0.074,0.202
5.95,1.019,0.956,0.048,2.0,0.3,0.05,0.063,0.208
5.96,1.009,0.956,0.044,2.0,0.3,0.05,0.053,0.168
5.97,0.999,0.957,0.039,2.0,0.3,0.05,0.043,0.136
5.98,0.989,0.957,0.035,2.0,0.3,0.05,0.032,0.104
5.99,0.979,0.957,0.030,2.0,0.3,0.05,0.022,0.102
6.00,0.970,0.958,0.025,2.0,0.3,0.05,0.012,0.085
6.01,0.960,0.958,0.020,2.0,0.3,0.05,0.002,0.050
6.02,0.951,0.958,0.016,2.0,0.3,0.05,-0.007,0.047
6.03,0.943,0.958,0.011,2.0,0.3,0.05,-0.015,0.019
6.04,0.935,0.958,0.006,2.0,0.3,0.05,-0.023,-0.011
6.05,0.928,0.958,0.002,2.0,0.3,0.05,-0.031,-0.019
6.06,0.921,0.958,-0.002,2.0,0.3,0.05,-0.037,-0.012
6.07,0.915,0.958,-0.006,2.0,0.3,0.05,-0.043,-0.036
6.08,0.910,0.958,-0.010,2.0,0.3,0.05,-0.048,-0.042
6.09,0.906,0.958,-0.013,2.0,0.3,0.05,-0.052,-0.058
6.10,0.903,0.958,-0.016,2.0,0.3,0.05,-0.055,-0.071
6.11,0.901,0.958,-0.018,2.0,0.3,0.05,-0.057,-0.054
6.12,0.900,0.957,-0.020,2.0,0.3,0.05,-0.057,-0.083
6.13,0.900,0.957,-0.022,2.0,0.3,0.05,-0.057,-0.068
6.14,0.901,0.957,-0.023,2.0,0.3,0.05,-0.056,-0.076
6.15,0.903,0.957,-0.024,2.0,0.3,0.05,-0.054,-0.059
6.16,0.906,0.957,-0.024,2.0,0.3,0.05,-0.051,-0.079
6.17,0.909,0.956,-0.024,2.0,0.3,0.05,-0.047,-0.048
6.18,0.914,0.956,-0.024,2.0,0.3,0.05,-0.042,-0.046
6.19,0.920,0.956,-0.022,2.0,0.3,0.05,-0.036,-0.030
6.20,0.926,0.956,-0.021,2.0,0.3,0.05,-0.030,-0.011
6.21,0.933,0.955,-0.019,2.0,0.3,0.05,-0.022,0.003
6.22,0.941,0.955,-0.017,2.0,0.3,0.05,-0.014,0.023
6.23,0.949,0.955,-0.014,2.0,0.3,0.05,-0.006,0.037
6.24,0.958,0.955,-0.011,2.0,0.3,0.05,0.003,0.056
6.25,0.967,0.955,-0.007,2.0,0.3,0.05,0.012,0.079
6.26,0.977,0.955,-0.004,2.0,0.3,0.05,0.022,0.095
6.27,0.987,0.955,0.000,2.0,0.3,0.05,0.032,0.107
6.28,0.997,0.955,0.004,2.0,0.3,0.05,0.042,0.146
6.29,1.007,0.955,0.009,2.0,0.3,0.05,0.052,0.142
6.30,1.017,0.955,0.013,2.0,0.3,0.05,0.062,0.166
6.31,1.026,0.955,0.018,2.0,0.3,0.05,0.071,0.204
6.32,1.036,0.956,0.022,2.0,0.3,0.05,0.081,0.212
6.33,1.045,0.956,0.027,2.0,0.3,0.05,0.090,0.224
6.34,1.054,0.956,0.031,2.0,0.3,0.05,0.098,0.246
6.35,1.062,0.956,0.036,2.0,0.3,0.05,0.106,0.291
6.36,1.069,0.957,0.040,2.0,0.3,0.05,0.113,0.282
6.37,1.076,0.957,0.044,2.0,0.3,0.05,0.119,0.309
6.38,1.082,0.958,0.047,2.0,0.3,0.05,0.125,0.330
6.39,1.088,0.958,0.051,2.0,0.3,0.05,0.130,0.331
6.40,1.092,0.959,0.054,2.0,0.3,0.05,0.134,0.329
6.41,1.095,0.959,0.057,2.0,0.3,0.05,0.137,0.332
6.42,1.098,0.960,0.059,2.0,0.3,0.05,0.139,0.353
6.43,1.099,0.961,0.061,2.0,0.3,0.05,0.139,0.365
6.44,1.100,0.961,0.063,2.0,0.3,0.05,0.139,0.360
6.45,1.100,0.962,0.064,2.0,0.3,0.05,0.138,0.329
6.46,1.098,0.963,0.065,2.0,0.3,0.05,0.136,0.367
6.47,1.096,0.963,0.065,2.0,0.3,0.05,0.133,0.353
6.48,1.092,0.964,0.065,2.0,0.3,0.05,0.129,0.323
6.49,1.088,0.964,0.065,2.0,0.3,0.05,0.124,0.321
6.50,1.083,0.965,0.063,2.0,0.3,0.05,0.118,0.322
6.51,1.077,0.966,0.062,2.0,0.3,0.05,0.112,0.281
6.52,1.070,0.966,0.060,2.0,0.3,0.05,0.104,0.286
6.53,1.062,0.967,0.058,2.0,0.3,0.05,0.096,0.255
6.54,1.054,0.967,0.055,2.0,0.3,0.05,0.087,0.249
6.55,1.046,0.968,0.052,2.0,0.3,0.05,0.078,0.213
6.56,1.036,0.968,0.048,2.0,0.3,0.05,0.068,0.201
6.57,1.027,0.969,0.044,2.0,0.3,0.05,0.059,0.198
6.58,1.017,0.969,0.040,2.0,0.3,0.05,0.048,0.175
6.59,1.007,0.970,0.036,2.0,0.3,0.05,0.038,0.145
6.60,0.997,0.970,0.032,2.0,0.3,0.05,0.028,0.114
6.61,0.987,0.970,0.027,2.0,0.3,0.05,0.017,0.085
6.62,0.978,0.970,0.022,2.0,0.3,0.05,0.007,0.069
6.63,0.968,0.971,0.018,2.0,0.3,0.05,-0.003,0.034
6.64,0.959,0.971,0.013,2.0,0.3,0.05,-0.012,0.026
6.65,0.950,0.971,0.008,2.0,0.3,0.05,-0.021,0.011
6.66,0.941,0.971,0.004,2.0,0.3,0.05,-0.030,-0.009
6.67,0.934,0.971,-0.001,2.0,0.3,0.05,-0.037,-0.009
6.68,0.926,0.971,-0.005,2.0,0.3,0.05,-0.044,-0.027
6.69,0.920,0.971,-0.009,2.0,0.3,0.05,-0.051,-0.053
6.70,0.914,0.971,-0.013,2.0,0.3,0.05,-0.056,-0.057
6.71,0.910,0.970,-0.016,2.0,0.3,0.05,-0.061,-0.052
6.72,0.906,0.970,-0.020,2.0,0.3,0.05,-0.065,-0.080
6.73,0.903,0.970,-0.022,2.0,0.3,0.05,-0.067,-0.094
6.74,0.901,0.970,-0.025,2.0,0.3,0.05,-0.069,-0.076
6.75,0.900,0.970,-0.027,2.0,0.3,0.05,-0.070,-0.102
6.76,0.900,0.969,-0.028,2.0,0.3,0.05,-0.069,-0.101
6.77,0.901,0.969,-0.030,2.0,0.3,0.05,-0.068,-0.107
6.78,0.903,0.969,-0.030,2.0,0.3,0.05,-0.066,-0.093
6.79,0.906,0.968,-0.030,2.0,0.3,0.05,-0.062,-0.075
6.80,0.910,0.968,-0.030,2.0,0.3,0.05,-0.058,-0.084
6.81,0.915,0.968,-0.029,2.0,0.3,0.05,-0.053,-0.067
6.82,0.921,0.967,-0.028,2.0,0.3,0.05,-0.047,-0.047
6.83,0.927,0.967,-0.027,2.0,0.3,0.05,-0.040,-0.051
6.84,0.934,0.967,-0.025,2.0,0.3,0.05,-0.033,-0.020
6.85,0.942,0.967,-0.022,2.0,0.3,0.05,-0.025,-0.010
6.86,0.951,0.967,-0.019,2.0,0.3,0.05,-0.016,-0.012
6.87,0.960,0.966,-0.016,2.0,0.3,0.05,-0.007,0.033
6.88,0.969,0.966,-0.013,2.0,0.3,0.05,0.003,0.056
6.89,0.979,0.966,-0.009,2.0,0.3,0.05,0.012,0.066
6.90,0.989,0.966,-0.005,2.0,0.3,0.05,0.022,0.105
6.91,0.998,0.966,-0.001,2.0,0.3,0.05,0.032,0.126
6.92,1.008,0.966,0.004,2.0,0.3,0.05,0.042,0.138
6.93,1.018,0.966,0.008,2.0,0.3,0.05,0.052,0.155
6.94,1.028,0.966,0.013,2.0,0.3,0.05,0.062,0.187
6.95,1.038,0.967,0.017,2.0,0.3,0.05,0.071,0.211
6.96,1.047,0.967,0.022,2.0,0.3,0.05,0.080,0.230
6.97,1.055,0.967,0.026,2.0,0.3,0.05,0.088,0.248
6.98,1.063,0.967,0.031,2.0,0.3,0.05,0.096,0.238
6.99,1.071,0.968,0.035,2.0,0.3,0.05,0.103,0.278
7.00,1.077,0.968,0.039,2.0,0.3,0.05,0.110,0.296
7.01,1.083,0.968,0.043,2.0,0.3,0.05,0.115,0.305
7.02,1.088,0.969,0.046,2.0,0.3,0.05,0.120,0.327
7.03,1.093,0.969,0.049,2.0,0.3,0.05,0.124,0.307
7.04,1.096,0.970,0.052,2.0,0.3,0.05,0.127,0.325
7.05,1.098,0.971,0.054,2.0,0.3,0.05,0.128,0.332
7.06,1.100,0.971,0.056,2.0,0.3,0.05,0.129,0.328
7.07,1.100,0.972,0.058,2.0,0.3,0.05,0.129,0.313
7.08,1.099,0.972,0.059,2.0,0.3,0.05,0.128,0.307
7.09,1.098,0.973,0.060,2.0,0.3,0.05,0.125,0.316
7.10,1.095,0.973,0.060,2.0,0.3,0.05,0.122,0.309
7.11,1.092,0.974,0.060,2.0,0.3,0.05,0.118,0.309
7.12,1.087,0.975,0.059,2.0,0.3,0.05,0.113,0.278
7.13,1.082,0.975,0.058,2.0,0.3,0.05,0.107,0.278
7.14,1.076,0.976,0.057,2.0,0.3,0.05,0.100,0.269
7.15,1.069,0.976,0.055,2.0,0.3,0.05,0.093,0.234
7.16,1.061,0.977,0.052,2.0,0.3,0.05,0.085,0.223
7.17,1.053,0.977,0.049,2.0,0.3,0.05,0.076,0.210
7.18,1.044,0.978,0.046,2.0,0.3,0.05,0.067,0.198
7.19,1.035,0.978,0.043,2.0,0.3,0.05,0.057,0.181
7.20,1.025,0.979,0.039,2.0,0.3,0.05,0.047,0.157
7.21,1.016,0.979,0.035,2.0,0.3,0.05,0.037,0.126
7.22,1.006,0.979,0.030,2.0,0.3,0.05,0.027,0.110
7.23,0.996,0.980,0.026,2.0,0.3,0.05,0.016,0.091
7.24,0.986,0.980,0.021,2.0,0.3,0.05,0.006,0.073
7.25,0.976,0.980,0.017,2.0,0.3,0.05,-0.004,0.045
7.26,0.966,0.980,0.012,2.0,0.3,0.05,-0.014,0.045
7.27,0.957,0.980,0.007,2.0,0.3,0.05,-0.023,0.019
7.28,0.948,0.980,0.003,2.0,0.3,0.05,-0.032,-0.000
7.29,0.940,0.980,-0.002,2.0,0.3,0.05,-0.040,-0.023
7.30,0.932,0.980,-0.006,2.0,0.3,0.05,-0.048,-0.037
7.31,0.925,0.980,-0.010,2.0,0.3,0.05,-0.055,-0.054
7.32,0.919,0.980,-0.014,2.0,0.3,0.05,-0.061,-0.058
7.33,0.914,0.980,-0.018,2.0,0.3,0.05,-0.066,-0.078
7.34,0.909,0.979,-0.022,2.0,0.3,0.05,-0.071,-0.089
7.35,0.905,0.979,-0.025,2.0,0.3,0.05,-0.074,-0.096
7.36,0.903,0.979,-0.027,2.0,0.3,0.05,-0.077,-0.127
7.37,0.901,0.979,-0.030,2.0,0.3,0.05,-0.078,-0.100
7.38,0.900,0.978,-0.032,2.0,0.3,0.05,-0.079,-0.127
7.39,0.900,0.978,-0.033,2.0,0.3,0.05,-0.078,-0.133
7.40,0.901,0.978,-0.034,2.0,0.3,0.05,-0.076,-0.120
7.41,0.904,0.977,-0.035,2.0,0.3,0.05,-0.074,-0.104
7.42,0.907,0.977,-0.035,2.0,0.3,0.05,-0.070,-0.116
7.43,0.911,0.977,-0.034,2.0,0.3,0.05,-0.066,-0.100
7.44,0.916,0.976,-0.034,2.0,0.3,0.05,-0.061,-0.084
7.45,0.922,0.976,-0.032,2.0,0.3,0.05,-0.054,-0.062
7.46,0.928,0.976,-0.031,2.0,0.3,0.05,-0.048,-0.054
7.47,0.936,0.975,-0.028,2.0,0.3,0.05,-0.040,-0.040
7.48,0.944,0.975,-0.026,2.0,0.3,0.05,-0.032,-0.023
7.49,0.952,0.975,-0.023,2.0,0.3,0.05,-0.023,0.002
7.50,0.961,0.975,-0.020,2.0,0.3,0.05,-0.014,0.023
7.51,0.971,0.974,-0.016,2.0,0.3,0.05,-0.004,0.045
7.52,0.980,0.974,-0.012,2.0,0.3,0.05,0.006,0.076
7.53,0.990,0.974,-0.008,2.0,0.3,0.05,0.016,0.082
7.54,1.000,0.974,-0.004,2.0,0.3,0.05,0.026,0.093
7.55,1.010,0.974,0.000,2.0,0.3,0.05,0.036,0.100
7.56,1.020,0.974,0.005,2.0,0.3,0.05,0.046,0.154
7.57,1.030,0.974,0.009,2.0,0.3,0.05,0.055,0.158
7.58,1.039,0.974,0.014,2.0,0.3,0.05,0.065,0.187
7.59,1.048,0.975,0.019,2.0,0.3,0.05,0.074,0.183
7.60,1.057,0.975,0.023,2.0,0.3,0.05,0.082,0.222
7.61,1.065,0.975,0.027,2.0,0.3,0.05,0.090,0.225
7.62,1.072,0.975,0.032,2.0,0.3,0.05,0.097,0.249
7.63,1.078,0.976,0.036,2.0,0.3,0.05,0.103,0.265
7.64,1.084,0.976,0.039,2.0,0.3,0.05,0.108,0.282
7.65,1.089,0.977,0.043,2.0,0.3,0.05,0.113,0.296
7.66,1.093,0.977,0.046,2.0,0.3,0.05,0.117,0.318
7.67,1.096,0.978,0.049,2.0,0.3,0.05,0.119,0.313
7.68,1.099,0.978,0.051,2.0,0.3,0.05,0.121,0.303
7.69,1.100,0.979,0.053,2.0,0.3,0.05,0.122,0.327
7.70,1.100,0.979,0.054,2.0,0.3,0.05,0.121,0.299
7.71,1.099,0.980,0.056,2.0,0.3,0.05,0.120,0.278
7.72,1.097,0.980,0.056,2.0,0.3,0.05,0.118,0.308
7.73,1.095,0.981,0.056,2.0,0.3,0.05,0.114,0.289
7.74,1.091,0.981,0.056,2.0,0.3,0.05,0.110,0.284
7.75,1.086,0.982,0.055,2.0,0.3,0.05,0.105,0.273
7.76,1.081,0.983,0.054,2.0,0.3,0.05,0.099,0.256
7.77,1.074,0.983,0.053,2.0,0.3,0.05,0.092,0.252
7.78,1.067,0.984,0.050,2.0,0.3,0.05,0.084,0.229
7.79,1.060,0.984,0.048,2.0,0.3,0.05,0.076,0.221
7.80,1.051,0.985,0.045,2.0,0.3,0.05,0.067,0.211
7.81,1.043,0.985,0.042,2.0,0.3,0.05,0.058,0.181
7.82,1.033,0.985,0.038,2.0,0.3,0.05,0.048,0.158
7.83,1.024,0.986,0.035,2.0,0.3,0.05,0.038,0.134
7.84,1.014,0.986,0.030,2.0,0.3,0.05,0.028,0.099
7.85,1.004,0.986,0.026,2.0,0.3,0.05,0.018,0.095
7.86,0.994,0.986,0.022,2.0,0.3,0.05,0.008,0.087
7.87,0.984,0.987,0.017,2.0,0.3,0.05,-0.002,0.057
7.88,0.974,0.987,0.012,2.0,0.3,0.05,-0.012,0.020
7.89,0.965,0.987,0.008,2.0,0.3,0.05,-0.022,0.027
7.90,0.956,0.987,0.003,2.0,0.3,0.05,-0.031,-0.013
7.91,0.947,0.987,-0.002,2.0,0.3,0.05,-0.040,-0.023
7.92,0.939,0.987,-0.006,2.0,0.3,0.05,-0.048,-0.030
7.93,0.931,0.987,-0.010,2.0,0.3,0.05,-0.056,-0.043
7.94,0.924,0.987,-0.015,2.0,0.3,0.05,-0.062,-0.085
7.95,0.918,0.986,-0.018,2.0,0.3,0.05,-0.068,-0.074
7.96,0.913,0.986,-0.022,2.0,0.3,0.05,-0.074,-0.090
7.97,0.908,0.986,-0.025,2.0,0.3,0.05,-0.078,-0.103
7.98,0.905,0.986,-0.029,2.0,0.3,0.05,-0.081,-0.107
7.99,0.902,0.985,-0.031,2.0,0.3,0.05,-0.083,-0.128
8.00,0.901,0.985,-0.033,2.0,0.3,0.05,-0.085,-0.127
8.01,0.900,0.985,-0.035,2.0,0.3,0.05,-0.085,-0.141
8.02,0.900,0.984,-0.037,2.0,0.3,0.05,-0.084,-0.121
8.03,0.902,0.984,-0.037,2.0,0.3,0.05,-0.082,-0.119
8.04,0.904,0.983,-0.038,2.0,0.3,0.05,-0.080,-0.123
8.05,0.907,0.983,-0.038,2.0,0.3,0.05,-0.076,-0.122
8.06,0.912,0.983,-0.038,2.0,0.3,0.05,-0.071,-0.109
8.07,0.917,0.982,-0.037,2.0,0.3,0.05,-0.066,-0.102
8.08,0.923,0.982,-0.035,2.0,0.3,0.05,-0.059,-0.098
8.09,0.930,0.982,-0.033,2.0,0.3,0.05,-0.052,-0.075
8.10,0.937,0.981,-0.031,2.0,0.3,0.05,-0.045,-0.031
8.11,0.945,0.981,-0.029,2.0,0.3,0.05,-0.036,-0.028
8.12,0.954,0.981,-0.026,2.0,0.3,0.05,-0.027,-0.014
8.13,0.963,0.981,-0.022,2.0,0.3,0.05,-0.018,-0.001
8.14,0.972,0.980,-0.019,2.0,0.3,0.05,-0.008,0.029
8.15,0.982,0.980,-0.015,2.0,0.3,0.05,0.002,0.043
8.16,0.992,0.980,-0.011,2.0,0.3,0.05,0.012,0.072
8.17,1.002,0.980,-0.006,2.0,0.3,0.05,0.022,0.082
8.18,1.012,0.980,-0.002,2.0,0.3,0.05,0.032,0.107
8.19,1.022,0.980,0.003,2.0,0.3,0.05,0.042,0.131
8.20,1.031,0.980,0.007,2.0,0.3,0.05,0.051,0.138
8.21,1.041,0.980,0.012,2.0,0.3,0.05,0.061,0.186
8.22,1.050,0.980,0.016,2.0,0.3,0.05,0.069,0.174
8.23,1.058,0.981,0.021,2.0,0.3,0.05,0.078,0.208
8.24,1.066,0.981,0.025,2.0,0.3,0.05,0.085,0.223
8.25,1.073,0.981,0.029,2.0,0.3,0.05,0.092,0.257
8.26,1.079,0.982,0.033,2.0,0.3,0.05,0.098,0.258
8.27,1.085,0.982,0.037,2.0,0.3,0.05,0.104,0.251
8.28,1.090,0.982,0.040,2.0,0.3,0.05,0.108,0.263
8.29,1.094,0.983,0.044,2.0,0.3,0.05,0.112,0.299
8.30,1.097,0.983,0.046,2.0,0.3,0.05,0.114,0.287
8.31,1.099,0.984,0.049,2.0,0.3,0.05,0.116,0.281
8.32,1.100,0.984,0.050,2.0,0.3,0.05,0.116,0.299
8.33,1.100,0.985,0.052,2.0,0.3,0.05,0.116,0.299
8.34,1.099,0.985,0.053,2.0,0.3,0.05,0.114,0.299
8.35,1.097,0.986,0.054,2.0,0.3,0.05,0.112,0.307
8.36,1.094,0.986,0.054,2.0,0.3,0.05,0.108,0.281
8.37,1.090,0.987,0.053,2.0,0.3,0.05,0.104,0.272
8.38,1.085,0.987,0.053,2.0,0.3,0.05,0.099,0.281
8.39,1.080,0.988,0.051,2.0,0.3,0.05,0.092,0.235
8.40,1.073,0.988,0.050,2.0,0.3,0.05,0.085,0.227
8.41,1.066,0.989,0.047,2.0,0.3,0.05,0.078,0.205
8.42,1.058,0.989,0.045,2.0,0.3,0.05,0.070,0.228
8.43,1.050,0.990,0.042,2.0,0.3,0.05,0.061,0.174
8.44,1.041,0.990,0.039,2.0,0.3,0.05,0.051,0.168
8.45,1.032,0.990,0.035,2.0,0.3,0.05,0.042,0.129
8.46,1.022,0.991,0.031,2.0,0.3,0.05,0.032,0.136
8.47,1.012,0.991,0.027,2.0,0.3,0.05,0.022,0.078
8.48,1.002,0.991,0.023,2.0,0.3,0.05,0.011,0.092
8.49,0.992,0.991,0.018,2.0,0.3,0.05,0.001,0.076
8.50,0.982,0.992,0.014,2.0,0.3,0.05,-0.009,0.040
8.51,0.973,0.992,0.009,2.0,0.3,0.05,-0.019,0.009
8.52,0.963,0.992,0.004,2.0,0.3,0.05,-0.028,0.012
8.53,0.954,0.992,-0.000,2.0,0.3,0.05,-0.038,-0.041
8.54,0.945,0.992,-0.005,2.0,0.3,0.05,-0.046,-0.030
8.55,0.937,0.992,-0.009,2.0,0.3,0.05,-0.054,-0.038
8.56,0.930,0.991,-0.014,2.0,0.3,0.05,-0.062,-0.069
8.57,0.923,0.991,-0.018,2.0,0.3,0.05,-0.068,-0.078
8.58,0.917,0.991,-0.022,2.0,0.3,0.05,-0.074,-0.098
8.59,0.912,0.991,-0.025,2.0,0.3,0.05,-0.079,-0.110
8.60,0.908,0.991,-0.028,2.0,0.3,0.05,-0.083,-0.104
8.61,0.904,0.990,-0.031,2.0,0.3,0.05,-0.086,-0.129
8.62,0.902,0.990,-0.034,2.0,0.3,0.05,-0.088,-0.131
8.63,0.900,0.989,-0.036,2.0,0.3,0.05,-0.089,-0.146
8.64,0.900,0.989,-0.038,2.0,0.3,0.05,-0.089,-0.162
8.65,0.901,0.989,-0.039,2.0,0.3,0.05,-0.089,-0.132
8.66,0.902,0.988,-0.040,2.0,0.3,0.05,-0.087,-0.110
8.67,0.905,0.988,-0.040,2.0,0.3,0.05,-0.084,-0.128
8.68,0.908,0.988,-0.040,2.0,0.3,0.05,-0.080,-0.134
8.69,0.913,0.987,-0.040,2.0,0.3,0.05,-0.075,-0.114
8.70,0.918,0.987,-0.039,2.0,0.3,0.05,-0.069,-0.092
8.71,0.924,0.986,-0.037,2.0,0.3,0.05,-0.063,-0.084
8.72,0.931,0.986,-0.035,2.0,0.3,0.05,-0.056,-0.067
8.73,0.938,0.986,-0.033,2.0,0.3,0.05,-0.048,-0.058
8.74,0.946,0.985,-0.030,2.0,0.3,0.05,-0.039,-0.032
8.75,0.955,0.985,-0.027,2.0,0.3,0.05,-0.030,-0.038
8.76,0.964,0.985,-0.024,2.0,0.3,0.05,-0.021,0.010
8.77,0.974,0.985,-0.020,2.0,0.3,0.05,-0.011,0.026
8.78,0.984,0.984,-0.016,2.0,0.3,0.05,-0.001,0.052
8.79,0.994,0.984,-0.012,2.0,0.3,0.05,0.009,0.071
8.80,1.004,0.984,-0.008,2.0,0.3,0.05,0.019,0.083
8.81,1.013,0.984,-0.003,2.0,0.3,0.05,0.029,0.101
8.82,1.023,0.984,0.001,2.0,0.3,0.05,0.039,0.126
8.83,1.033,0.984,0.006,2.0,0.3,0.05,0.049,0.144
8.84,1.042,0.984,0.010,2.0,0.3,0.05,0.058,0.176
8.85,1.051,0.985,0.015,2.0,0.3,0.05,0.067,0.190
8.86,1.059,0.985,0.020,2.0,0.3,0.05,0.075,0.219
8.87,1.067,0.985,0.024,2.0,0.3,0.05,0.082,0.219
8.88,1.074,0.985,0.028,2.0,0.3,0.05,0.089,0.258
8.89,1.080,0.986,0.032,2.0,0.3,0.05,0.095,0.244
8.90,1.086,0.986,0.036,2.0,0.3,0.05,0.100,0.259
8.91,1.091,0.986,0.039,2.0,0.3,0.05,0.105,0.268
8.92,1.094,0.987,0.042,2.0,0.3,0.05,0.108,0.280
8.93,1.097,0.987,0.045,2.0,0.3,0.05,0.110,0.275
8.94,1.099,0.988,0.047,2.0,0.3,0.05,0.112,0.286
8.95,1.100,0.988,0.049,2.0,0.3,0.05,0.112,0.305
8.96,1.100,0.989,0.050,2.0,0.3,0.05,0.112,0.298
8.97,1.099,0.989,0.051,2.0,0.3,0.05,0.110,0.286
8.98,1.097,0.990,0.052,2.0,0.3,0.05,0.107,0.271
8.99,1.093,0.990,0.052,2.0,0.3,0.05,0.104,0.268
9.00,1.089,0.991,0.051,2.0,0.3,0.05,0.099,0.257
9.01,1.084,0.991,0.050,2.0,0.3,0.05,0.094,0.252
9.02,1.079,0.992,0.049,2.0,0.3,0.05,0.087,0.246
9.03,1.072,0.992,0.047,2.0,0.3,0.05,0.080,0.226
9.04,1.065,0.993,0.045,2.0,0.3,0.05,0.073,0.225
9.05,1.057,0.993,0.043,2.0,0.3,0.05,0.064,0.193
9.06,1.048,0.993,0.040,2.0,0.3,0.05,0.055,0.175
9.07,1.040,0.994,0.036,2.0,0.3,0.05,0.046,0.170
9.08,1.030,0.994,0.033,2.0,0.3,0.05,0.036,0.122
9.09,1.020,0.994,0.029,2.0,0.3,0.05,0.026,0.114
9.10,1.011,0.995,0.025,2.0,0.3,0.05,0.016,0.100
9.11,1.001,0.995,0.020,2.0,0.3,0.05,0.006,0.065
9.12,0.991,0.995,0.016,2.0,0.3,0.05,-0.004,0.038
9.13,0.981,0.995,0.011,2.0,0.3,0.05,-0.014,0.031
9.14,0.971,0.995,0.007,2.0,0.3,0.05,-0.024,-0.002
9.15,0.962,0.995,0.002,2.0,0.3,0.05,-0.034,-0.015
9.16,0.953,0.995,-0.003,2.0,0.3,0.05,-0.043,-0.048
9.17,0.944,0.995,-0.007,2.0,0.3,0.05,-0.051,-0.048
9.18,0.936,0.995,-0.012,2.0,0.3,0.05,-0.059,-0.073
9.19,0.929,0.995,-0.016,2.0,0.3,0.05,-0.066,-0.087
9.20,0.922,0.995,-0.020,2.0,0.3,0.05,-0.073,-0.082
9.21,0.916,0.994,-0.024,2.0,0.3,0.05,-0.078,-0.113
9.22,0.911,0.994,-0.027,2.0,0.3,0.05,-0.083,-0.130
9.23,0.907,0.994,-0.031,2.0,0.3,0.05,-0.087,-0.137
9.24,0.904,0.994,-0.034,2.0,0.3,0.05,-0.090,-0.130
9.25,0.902,0.993,-0.036,2.0,0.3,0.05,-0.092,-0.153
9.26,0.900,0.993,-0.038,2.0,0.3,0.05,-0.093,-0.168
9.27,0.900,0.992,-0.040,2.0,0.3,0.05,-0.093,-0.165
9.28,0.901,0.992,-0.041,2.0,0.3,0.05,-0.092,-0.133
9.29,0.902,0.992,-0.042,2.0,0.3,0.05,-0.090,-0.135
9.30,0.905,0.991,-0.042,2.0,0.3,0.05,-0.086,-0.147
9.31,0.909,0.991,-0.042,2.0,0.3,0.05,-0.082,-0.135
9.32,0.913,0.990,-0.041,2.0,0.3,0.05,-0.077,-0.128
9.33,0.919,0.990,-0.040,2.0,0.3,0.05,-0.072,-0.120
9.34,0.925,0.990,-0.039,2.0,0.3,0.05,-0.065,-0.111
9.35,0.932,0.989,-0.037,2.0,0.3,0.05,-0.058,-0.072
9.36,0.940,0.989,-0.034,2.0,0.3,0.05,-0.049,-0.073
9.37,0.948,0.988,-0.031,2.0,0.3,0.05,-0.041,-0.046
9.38,0.957,0.988,-0.028,2.0,0.3,0.05,-0.032,-0.045
9.39,0.966,0.988,-0.025,2.0,0.3,0.05,-0.022,0.016
9.40,0.975,0.988,-0.021,2.0,0.3,0.05,-0.012,0.009
9.41,0.985,0.988,-0.017,2.0,0.3,0.05,-0.002,0.029
9.42,0.995,0.987,-0.013,2.0,0.3,0.05,0.008,0.069
9.43,1.005,0.987,-0.009,2.0,0.3,0.05,0.018,0.085
9.44,1.015,0.987,-0.004,2.0,0.3,0.05,0.028,0.108
9.45,1.025,0.987,0.000,2.0,0.3,0.05,0.038,0.109
9.46,1.034,0.987,0.005,2.0,0.3,0.05,0.047,0.145
9.47,1.044,0.987,0.010,2.0,0.3,0.05,0.056,0.173
9.48,1.052,0.988,0.014,2.0,0.3,0.05,0.065,0.175
9.49,1.061,0.988,0.019,2.0,0.3,0.05,0.073,0.183
9.50,1.068,0.988,0.023,2.0,0.3,0.05,0.081,0.211
9.51,1.075,0.988,0.027,2.0,0.3,0.05,0.087,0.236
9.52,1.081,0.989,0.031,2.0,0.3,0.05,0.093,0.262
9.53,1.087,0.989,0.035,2.0,0.3,0.05,0.098,0.255
9.54,1.091,0.989,0.038,2.0,0.3,0.05,0.102,0.265
9.55,1.095,0.990,0.041,2.0,0.3,0.05,0.106,0.285
9.56,1.098,0.990,0.044,2.0,0.3,0.05,0.108,0.278
9.57,1.099,0.991,0.046,2.0,0.3,0.05,0.109,0.276
9.58,1.100,0.991,0.048,2.0,0.3,0.05,0.109,0.263
9.59,1.100,0.992,0.049,2.0,0.3,0.05,0.109,0.265
9.60,1.098,0.992,0.050,2.0,0.3,0.05,0.107,0.282
9.61,1.096,0.993,0.050,2.0,0.3,0.05,0.104,0.295
9.62,1.093,0.993,0.050,2.0,0.3,0.05,0.100,0.267
9.63,1.089,0.994,0.050,2.0,0.3,0.05,0.096,0.260
9.64,1.084,0.994,0.049,2.0,0.3,0.05,0.090,0.259
9.65,1.078,0.995,0.047,2.0,0.3,0.05,0.084,0.226
9.66,1.071,0.995,0.046,2.0,0.3,0.05,0.076,0.198
9.67,1.064,0.995,0.043,2.0,0.3,0.05,0.069,0.195
9.68,1.056,0.996,0.041,2.0,0.3,0.05,0.060,0.179
9.69,1.047,0.996,0.038,2.0,0.3,0.05,0.051,0.169
9.70,1.038,0.997,0.034,2.0,0.3,0.05,0.042,0.134
9.71,1.029,0.997,0.031,2.0,0.3,0.05,0.032,0.135
9.72,1.019,0.997,0.027,2.0,0.3,0.05,0.022,0.093
9.73,1.009,0.997,0.023,2.0,0.3,0.05,0.012,0.079
9.74,0.999,0.998,0.018,2.0,0.3,0.05,0.002,0.059
9.75,0.989,0.998,0.014,2.0,0.3,0.05,-0.009,0.038
9.76,0.979,0.998,0.009,2.0,0.3,0.05,-0.019,0.015
9.77,0.969,0.998,0.004,2.0,0.3,0.05,-0.028,-0.007
9.78,0.960,0.998,-0.000,2.0,0.3,0.05,-0.038,-0.029
9.79,0.951,0.998,-0.005,2.0,0.3,0.05,-0.047,-0.069
9.80,0.943,0.998,-0.009,2.0,0.3,0.05,-0.055,-0.073
9.81,0.935,0.998,-0.014,2.0,0.3,0.05,-0.063,-0.079
9.82,0.928,0.997,-0.018,2.0,0.3,0.05,-0.070,-0.105
9.83,0.921,0.997,-0.022,2.0,0.3,0.05,-0.076,-0.105
9.84,0.915,0.997,-0.026,2.0,0.3,0.05,-0.082,-0.116
9.85,0.910,0.997,-0.029,2.0,0.3,0.05,-0.086,-0.145
9.86,0.906,0.996,-0.032,2.0,0.3,0.05,-0.090,-0.140
9.87,0.903,0.996,-0.035,2.0,0.3,0.05,-0.093,-0.157
9.88,0.901,0.996,-0.038,2.0,0.3,0.05,-0.095,-0.157
9.89,0.900,0.995,-0.040,2.0,0.3,0.05,-0.095,-0.166
9.90,0.900,0.995,-0.041,2.0,0.3,0.05,-0.095,-0.144
9.91,0.901,0.994,-0.042,2.0,0.3,0.05,-0.094,-0.161
9.92,0.903,0.994,-0.043,2.0,0.3,0.05,-0.091,-0.146
9.93,0.906,0.993,-0.043,2.0,0.3,0.05,-0.088,-0.124
9.94,0.910,0.993,-0.043,2.0,0.3,0.05,-0.084,-0.129
9.95,0.914,0.993,-0.042,2.0,0.3,0.05,-0.079,-0.125
9.96,0.920,0.992,-0.041,2.0,0.3,0.05,-0.073,-0.107
9.97,0.926,0.992,-0.039,2.0,0.3,0.05,-0.066,-0.090
9.98,0.933,0.991,-0.037,2.0,0.3,0.05,-0.059,-0.084
9.99,0.941,0.991,-0.035,2.0,0.3,0.05,-0.050,-0.070
